SL,"Event ID",Name,Type,Description,Status,"Event Time","Created By","Updated By","Deleted By","Created At","Updated At"
1,REM-2024-651,"Amber Holman",Upcoming,"Sunt ut sunt aut ne",Active,2024-10-13T05:36:02+00:00,"Mohammad Wasim","Mohammad Wasim",N/A,2024-10-12T05:32:02+00:00,2024-10-12T05:52:07+00:00
2,REM-2024-990,"Mohamamd Wasim",Upcoming,"Vel ducimus dolores",Inactive,2024-10-13T05:36:02+00:00,"Mohammad Wasim","Mohammad Wasim",N/A,2024-10-12T05:36:02+00:00,2024-10-12T15:24:44+00:00
3,EVNT-1728801993080,"Deacon Christensen",Completed,"Sint ea amet corpo",Inactive,2015-01-19T11:49:00+00:00,"Mohammad Wasim",N/A,N/A,2024-10-13T06:47:07+00:00,2024-10-13T06:47:07+00:00
4,EVNT-1728802052247,"Solomon Cooley",Upcoming,"Duis quos ad sunt in",Inactive,2023-01-21T22:16:00+00:00,"Mohammad Wasim",N/A,N/A,2024-10-13T06:47:34+00:00,2024-10-13T06:47:34+00:00
5,EVNT-1728802119897,"Sigourney Beach",Completed,"Dolore aut voluptate",Active,1972-05-17T15:04:00+00:00,"Mohammad Wasim",N/A,N/A,2024-10-13T06:48:46+00:00,2024-10-13T06:48:46+00:00
6,EVNT-1728802171262,"Jenette Mercado",Upcoming,"Quasi molestias temp",Inactive,2024-08-25T16:27:00+00:00,"Mohammad Wasim",N/A,N/A,2024-10-13T06:49:34+00:00,2024-10-13T06:49:34+00:00
7,EVNT-1728802176580,"Mia Herring",Upcoming,"Incididunt dolorem i",Active,1992-05-25T16:27:00+00:00,"Mohammad Wasim",N/A,N/A,2024-10-13T06:49:42+00:00,2024-10-13T06:49:42+00:00
8,EVNT-1728801420848,"Carly Powell",Completed,"Velit quisquam impe",Inactive,2012-03-04T18:51:00+00:00,"Mohammad Wasim",N/A,N/A,2024-10-13T07:06:02+00:00,2024-10-13T07:06:02+00:00
9,EVNT-1728801459955,"Ursa Cain",Completed,"Ea velit tempore mi",Inactive,2024-05-13T15:48:00+00:00,"Mohammad Wasim",N/A,N/A,2024-10-13T07:06:02+00:00,2024-10-13T07:06:02+00:00
10,EVNT-1728815460143,"Rose Lamb",Completed,"Ab dicta Nam eligend",Inactive,1993-11-20T05:36:00+00:00,"Mohammad Wasim",N/A,N/A,2024-10-13T10:31:02+00:00,2024-10-13T10:31:02+00:00
11,EVNT-1728815473751,"Gavin Kerr",Completed,"Et consectetur nulla",Inactive,1994-05-19T19:28:00+00:00,"Mohammad Wasim",N/A,N/A,2024-10-13T10:31:17+00:00,2024-10-13T10:31:17+00:00
12,EVNT-1728815657642,"Gil Rowe",Completed,"Deserunt dolore exer",Active,1979-11-06T14:17:00+00:00,"Mohammad Wasim",N/A,N/A,2024-10-13T10:34:21+00:00,2024-10-13T10:34:21+00:00
13,EVNT-1728815681903,"Athena Hernandez",Upcoming,"Esse reprehenderit",Inactive,1996-08-07T06:08:00+00:00,"Mohammad Wasim",N/A,N/A,2024-10-13T10:34:44+00:00,2024-10-13T10:34:44+00:00
14,EVNT-1728815708823,"Sarah Herring",Upcoming,"Asperiores soluta cu",Inactive,2008-06-01T22:09:00+00:00,"Mohammad Wasim",N/A,N/A,2024-10-13T10:35:34+00:00,2024-10-13T10:35:34+00:00
15,EVNT-1728815718194,"Caleb Rich",Completed,"Ab vel id ut et dic",Active,1984-02-20T03:25:00+00:00,"Mohammad Wasim",N/A,N/A,2024-10-13T10:35:34+00:00,2024-10-13T10:35:34+00:00
16,EVNT-1728815722518,"Elijah Stuart",Upcoming,"Proident fugiat et",Inactive,2019-11-20T08:34:00+00:00,"Mohammad Wasim",N/A,N/A,2024-10-13T10:35:34+00:00,2024-10-13T10:35:34+00:00
17,EVNT-1728815808993,"Magee Owen",Completed,"In anim molestiae ac",Inactive,1989-08-15T15:36:00+00:00,"Mohammad Wasim",N/A,N/A,2024-10-13T10:37:08+00:00,2024-10-13T10:37:08+00:00
18,EVNT-1728815813579,"Quinn Bowen",Completed,"Perspiciatis ea ull",Active,1979-06-11T21:01:00+00:00,"Mohammad Wasim",N/A,N/A,2024-10-13T10:37:08+00:00,2024-10-13T10:37:08+00:00
19,EVNT-1728815817356,"Genevieve Acevedo",Completed,"Sit veniam laborum",Active,1987-12-04T08:31:00+00:00,"Mohammad Wasim",N/A,N/A,2024-10-13T10:37:08+00:00,2024-10-13T10:37:08+00:00
20,EVNT-1728817702456,"Sydney Casey",Completed,"Mollit aut dicta bea",Active,1991-12-24T21:19:00+00:00,"Mohammad Wasim",N/A,N/A,2024-10-13T11:08:46+00:00,2024-10-13T11:08:46+00:00
21,EVNT-1728817709607,"Harding Gibbs",Completed,"Voluptatem Delectus",Inactive,2004-03-17T22:31:00+00:00,"Mohammad Wasim",N/A,N/A,2024-10-13T11:08:46+00:00,2024-10-13T11:08:46+00:00
22,EVNT-1728818010808,"Violet Frye",Upcoming,"Commodi sit consequa",Inactive,2010-11-24T21:41:00+00:00,"Mohammad Wasim",N/A,N/A,2024-10-13T11:14:46+00:00,2024-10-13T11:14:46+00:00
23,EVNT-1728818021841,"Ria Sykes",Upcoming,"Tempor enim id conse",Active,2006-08-23T09:30:00+00:00,"Mohammad Wasim",N/A,N/A,2024-10-13T11:14:46+00:00,2024-10-13T11:14:46+00:00
24,EVNT-1728818030158,"Amy Maynard",Completed,"Nam molestias aut ut",Inactive,1990-12-14T19:52:00+00:00,"Mohammad Wasim",N/A,N/A,2024-10-13T11:14:46+00:00,2024-10-13T11:14:46+00:00
25,REM-2024-070,"Tyler Shields",Completed,"Doloremque in id pro",Active,1987-10-21T22:52:00+00:00,"Mohammad Wasim",N/A,N/A,2024-10-13T11:18:36+00:00,2024-10-13T11:18:36+00:00
26,REM-2024-955,"Tyler Shields",Completed,"Doloremque in id pro",Active,1987-10-21T22:52:00+00:00,"Mohammad Wasim",N/A,N/A,2024-10-13T11:18:39+00:00,2024-10-13T11:18:39+00:00
27,REM-2024-226,"Tyler Shields",Completed,"Doloremque in id pro",Active,1987-10-21T22:52:00+00:00,"Mohammad Wasim",N/A,N/A,2024-10-13T11:18:40+00:00,2024-10-13T11:18:40+00:00
28,REM-2024-060,"Tyler Shields",Completed,"Doloremque in id pro",Active,1987-10-21T22:52:00+00:00,"Mohammad Wasim",N/A,N/A,2024-10-13T11:18:40+00:00,2024-10-13T11:18:40+00:00
29,REM-2024-686,"Tyler Shields",Completed,"Doloremque in id pro",Active,1987-10-21T22:52:00+00:00,"Mohammad Wasim",N/A,N/A,2024-10-13T11:18:40+00:00,2024-10-13T11:18:40+00:00
30,REM-2024-490,"Tyler Shields",Completed,"Doloremque in id pro",Active,1987-10-21T22:52:00+00:00,"Mohammad Wasim",N/A,N/A,2024-10-13T11:18:41+00:00,2024-10-13T11:18:41+00:00
31,REM-2024-997,"Tyler Shields",Completed,"Doloremque in id pro",Active,1987-10-21T22:52:00+00:00,"Mohammad Wasim",N/A,N/A,2024-10-13T11:18:41+00:00,2024-10-13T11:18:41+00:00
32,REM-2024-918,"Tyler Shields",Completed,"Doloremque in id pro",Active,1987-10-21T22:52:00+00:00,"Mohammad Wasim",N/A,N/A,2024-10-13T11:18:41+00:00,2024-10-13T11:18:41+00:00
33,REM-2024-912,"Tyler Shields",Completed,"Doloremque in id pro",Active,1987-10-21T22:52:00+00:00,"Mohammad Wasim",N/A,N/A,2024-10-13T11:18:41+00:00,2024-10-13T11:18:41+00:00
34,REM-2024-945,"Tyler Shields",Completed,"Doloremque in id pro",Active,1987-10-21T22:52:00+00:00,"Mohammad Wasim",N/A,N/A,2024-10-13T11:19:26+00:00,2024-10-13T11:19:26+00:00
35,REM-2024-422,"Tyler Shields",Completed,"Doloremque in id pro",Active,1987-10-21T22:52:00+00:00,"Mohammad Wasim",N/A,N/A,2024-10-13T11:19:26+00:00,2024-10-13T11:19:26+00:00
36,REM-2024-232,"Tyler Shields",Completed,"Doloremque in id pro",Active,1987-10-21T22:52:00+00:00,"Mohammad Wasim",N/A,N/A,2024-10-13T11:19:26+00:00,2024-10-13T11:19:26+00:00
37,REM-2024-750,"Tyler Shields",Completed,"Doloremque in id pro",Active,1987-10-21T22:52:00+00:00,"Mohammad Wasim",N/A,N/A,2024-10-13T11:19:26+00:00,2024-10-13T11:19:26+00:00
38,REM-2024-491,"Tyler Shields",Completed,"Doloremque in id pro",Active,1987-10-21T22:52:00+00:00,"Mohammad Wasim",N/A,N/A,2024-10-13T11:19:26+00:00,2024-10-13T11:19:26+00:00
39,REM-2024-545,"Tyler Shields",Completed,"Doloremque in id pro",Active,1987-10-21T22:52:00+00:00,"Mohammad Wasim",N/A,N/A,2024-10-13T11:19:26+00:00,2024-10-13T11:19:26+00:00
40,REM-2024-244,"Tyler Shields",Completed,"Doloremque in id pro",Active,1987-10-21T22:52:00+00:00,"Mohammad Wasim",N/A,N/A,2024-10-13T11:19:26+00:00,2024-10-13T11:19:26+00:00
41,REM-2024-621,"Tyler Shields",Completed,"Doloremque in id pro",Active,1987-10-21T22:52:00+00:00,"Mohammad Wasim",N/A,N/A,2024-10-13T11:19:26+00:00,2024-10-13T11:19:26+00:00
42,REM-2024-321,"Tyler Shields",Completed,"Doloremque in id pro",Active,1987-10-21T22:52:00+00:00,"Mohammad Wasim",N/A,N/A,2024-10-13T11:19:26+00:00,2024-10-13T11:19:26+00:00
43,REM-2024-297,"Tyler Shields",Completed,"Doloremque in id pro",Active,1987-10-21T22:52:00+00:00,"Mohammad Wasim",N/A,N/A,2024-10-13T11:19:26+00:00,2024-10-13T11:19:26+00:00
44,REM-2024-222,"Tyler Shields",Completed,"Doloremque in id pro",Active,1987-10-21T22:52:00+00:00,"Mohammad Wasim",N/A,N/A,2024-10-13T11:19:26+00:00,2024-10-13T11:19:26+00:00
45,REM-2024-178,"Tyler Shields",Completed,"Doloremque in id pro",Active,1987-10-21T22:52:00+00:00,"Mohammad Wasim",N/A,N/A,2024-10-13T11:19:26+00:00,2024-10-13T11:19:26+00:00
46,REM-2024-678,"Tyler Shields",Completed,"Doloremque in id pro",Active,1987-10-21T22:52:00+00:00,"Mohammad Wasim",N/A,N/A,2024-10-13T11:19:26+00:00,2024-10-13T11:19:26+00:00
47,REM-2024-915,"Chanda Park",Completed,"Do nisi amet praese",Active,1972-10-16T06:14:00+00:00,"Mohammad Wasim",N/A,N/A,2024-10-13T11:25:09+00:00,2024-10-13T11:25:09+00:00
48,REM-2024-958,"Briar Martin",Upcoming,"Quis reprehenderit",Inactive,2011-01-06T12:44:00+00:00,"Mohammad Wasim",N/A,N/A,2024-10-13T11:26:29+00:00,2024-10-13T11:26:29+00:00
49,REM-2024-825,"Judah Santos",Upcoming,"Sint quia iusto cum",Inactive,2010-03-22T16:41:00+00:00,"Mohammad Wasim",N/A,N/A,2024-10-13T11:30:01+00:00,2024-10-13T11:30:01+00:00
50,REM-2024-573,"John Hutchinson",Completed,"Totam qui optio eni",Inactive,1975-11-25T23:33:00+00:00,"Mohammad Wasim",N/A,N/A,2024-10-13T11:32:49+00:00,2024-10-13T11:32:49+00:00
51,REM-2024-223,"May Manning",Upcoming,"Excepturi tenetur ma",Active,2020-09-26T12:02:00+00:00,"Mohammad Wasim",N/A,N/A,2024-10-13T11:38:20+00:00,2024-10-13T11:38:20+00:00
